Day,Additive_Effect,Multiplicative_Factor
Monday,-870.2452714118488,1.0722324060381974
Tuesday,2275.701222953409,1.084361212231497
Wednesday,4070.7596902892333,1.0859890799590513
Thursday,2673.3229598310463,1.0861562462116372
Friday,-993.934379182785,1.077858627250064
Saturday,-3467.091870061,1.0376890411291926
Sunday,-3601.0412494929624,1.042824272079833
