Day,Additive_Effect,Multiplicative_Factor
Monday,-1117.0458460046364,0.9996572317512535
Tuesday,1430.789242439101,1.0128803306021479
Wednesday,2693.488594039319,1.0087706484402346
Thursday,826.5585049576664,1.0038408945415764
Friday,1309.29606258977,1.0267759410992847
Saturday,-1949.4397678364924,0.9827280358462439
Sunday,-3181.0949528268934,0.9706242254318008
